<?xml version="1.0" encoding="UTF-8"?>
<metadata xml:lang="en"><Esri><CreaDate>20220321</CreaDate><CreaTime>15223500</CreaTime><ArcGISFormat>1.0</ArcGISFormat><SyncOnce>FALSE</SyncOnce><DataProperties><itemProps><itemName Sync="TRUE">Trails</itemName><imsContentType Sync="TRUE">002</imsContentType><itemSize Sync="TRUE">0.000</itemSize><itemLocation><linkage Sync="TRUE">file://\\MSN1-00034-L\D$\MS_GIS\777\Project_2\Data\Data_Projected\Trails.shp</linkage><protocol Sync="TRUE">Local Area Network</protocol></itemLocation></itemProps><coordRef><type Sync="TRUE">Projected</type><geogcsn Sync="TRUE">GCS_WGS_1984</geogcsn><csUnits Sync="TRUE">Linear Unit: Meter (1.000000)</csUnits><projcsn Sync="TRUE">WGS_1984_Web_Mercator_Auxiliary_Sphere</projcsn><peXml Sync="TRUE">&lt;ProjectedCoordinateSystem xsi:type='typens:ProjectedCoordinateSystem' xmlns:xsi='http://www.w3.org/2001/XMLSchema-instance' xmlns:xs='http://www.w3.org/2001/XMLSchema' xmlns:typens='http://www.esri.com/schemas/ArcGIS/2.9.0'&gt;&lt;WKT&gt;PROJCS[&amp;quot;WGS_1984_Web_Mercator_Auxiliary_Sphere&amp;quot;,GEOGCS[&amp;quot;GCS_WGS_1984&amp;quot;,DATUM[&amp;quot;D_WGS_1984&amp;quot;,SPHEROID[&amp;quot;WGS_1984&amp;quot;,6378137.0,298.257223563]],PRIMEM[&amp;quot;Greenwich&amp;quot;,0.0],UNIT[&amp;quot;Degree&amp;quot;,0.0174532925199433]],PROJECTION[&amp;quot;Mercator_Auxiliary_Sphere&amp;quot;],PARAMETER[&amp;quot;False_Easting&amp;quot;,0.0],PARAMETER[&amp;quot;False_Northing&amp;quot;,0.0],PARAMETER[&amp;quot;Central_Meridian&amp;quot;,0.0],PARAMETER[&amp;quot;Standard_Parallel_1&amp;quot;,0.0],PARAMETER[&amp;quot;Auxiliary_Sphere_Type&amp;quot;,0.0],UNIT[&amp;quot;Meter&amp;quot;,1.0],AUTHORITY[&amp;quot;EPSG&amp;quot;,3857]]&lt;/WKT&gt;&lt;XOrigin&gt;-20037700&lt;/XOrigin&gt;&lt;YOrigin&gt;-30241100&lt;/YOrigin&gt;&lt;XYScale&gt;148923141.92838538&lt;/XYScale&gt;&lt;ZOrigin&gt;-100000&lt;/ZOrigin&gt;&lt;ZScale&gt;10000&lt;/ZScale&gt;&lt;MOrigin&gt;-100000&lt;/MOrigin&gt;&lt;MScale&gt;10000&lt;/MScale&gt;&lt;XYTolerance&gt;0.001&lt;/XYTolerance&gt;&lt;ZTolerance&gt;0.001&lt;/ZTolerance&gt;&lt;MTolerance&gt;0.001&lt;/MTolerance&gt;&lt;HighPrecision&gt;true&lt;/HighPrecision&gt;&lt;WKID&gt;102100&lt;/WKID&gt;&lt;LatestWKID&gt;3857&lt;/LatestWKID&gt;&lt;/ProjectedCoordinateSystem&gt;</peXml></coordRef><lineage><Process ToolSource="c:\program files\arcgis\pro\Resources\ArcToolbox\toolboxes\Conversion Tools.tbx\FeatureClassToFeatureClass" Date="20220321" Time="152236">FeatureClassToFeatureClass NPS_Trails_Web_Mercator D:\MS_GIS\777\Project_2\Data\Data_Projected Trails.shp # "OBJECTID_1 "OBJECTID_1" true true false 10 Long 0 10,First,#,NPS_Trails_Web_Mercator,OBJECTID_1,-1,-1;TRLNAME "TRLNAME" true true false 70 Text 0 0,First,#,NPS_Trails_Web_Mercator,TRLNAME,0,70;TRLALTNAME "TRLALTNAME" true true false 157 Text 0 0,First,#,NPS_Trails_Web_Mercator,TRLALTNAME,0,157;MAPLABEL "MAPLABEL" true true false 66 Text 0 0,First,#,NPS_Trails_Web_Mercator,MAPLABEL,0,66;TRLFEATTYP "TRLFEATTYP" true true false 29 Text 0 0,First,#,NPS_Trails_Web_Mercator,TRLFEATTYP,0,29;TRLSTATUS "TRLSTATUS" true true false 18 Text 0 0,First,#,NPS_Trails_Web_Mercator,TRLSTATUS,0,18;TRLSURFACE "TRLSURFACE" true true false 27 Text 0 0,First,#,NPS_Trails_Web_Mercator,TRLSURFACE,0,27;TRLTYPE "TRLTYPE" true true false 20 Text 0 0,First,#,NPS_Trails_Web_Mercator,TRLTYPE,0,20;TRLCLASS "TRLCLASS" true true false 35 Text 0 0,First,#,NPS_Trails_Web_Mercator,TRLCLASS,0,35;TRLUSE "TRLUSE" true true false 124 Text 0 0,First,#,NPS_Trails_Web_Mercator,TRLUSE,0,124;PUBLICDISP "PUBLICDISP" true true false 18 Text 0 0,First,#,NPS_Trails_Web_Mercator,PUBLICDISP,0,18;DATAACCESS "DATAACCESS" true true false 12 Text 0 0,First,#,NPS_Trails_Web_Mercator,DATAACCESS,0,12;ACCESSNOTE "ACCESSNOTE" true true false 4 Text 0 0,First,#,NPS_Trails_Web_Mercator,ACCESSNOTE,0,4;ORIGINATOR "ORIGINATOR" true true false 60 Text 0 0,First,#,NPS_Trails_Web_Mercator,ORIGINATOR,0,60;UNITCODE "UNITCODE" true true false 9 Text 0 0,First,#,NPS_Trails_Web_Mercator,UNITCODE,0,9;UNITNAME "UNITNAME" true true false 63 Text 0 0,First,#,NPS_Trails_Web_Mercator,UNITNAME,0,63;UNITTYPE "UNITTYPE" true true false 48 Text 0 0,First,#,NPS_Trails_Web_Mercator,UNITTYPE,0,48;GROUPCODE "GROUPCODE" true true false 6 Text 0 0,First,#,NPS_Trails_Web_Mercator,GROUPCODE,0,6;GROUPNAME "GROUPNAME" true true false 50 Text 0 0,First,#,NPS_Trails_Web_Mercator,GROUPNAME,0,50;REGIONCODE "REGIONCODE" true true false 4 Text 0 0,First,#,NPS_Trails_Web_Mercator,REGIONCODE,0,4;CREATEDATE "CREATEDATE" true true false 8 Date 0 0,First,#,NPS_Trails_Web_Mercator,CREATEDATE,-1,-1;EDITDATE "EDITDATE" true true false 8 Date 0 0,First,#,NPS_Trails_Web_Mercator,EDITDATE,-1,-1;LINETYPE "LINETYPE" true true false 14 Text 0 0,First,#,NPS_Trails_Web_Mercator,LINETYPE,0,14;MAPMETHOD "MAPMETHOD" true true false 144 Text 0 0,First,#,NPS_Trails_Web_Mercator,MAPMETHOD,0,144;MAPSOURCE "MAPSOURCE" true true false 254 Text 0 0,First,#,NPS_Trails_Web_Mercator,MAPSOURCE,0,254;SOURCEDATE "SOURCEDATE" true true false 8 Date 0 0,First,#,NPS_Trails_Web_Mercator,SOURCEDATE,-1,-1;XYACCURACY "XYACCURACY" true true false 15 Text 0 0,First,#,NPS_Trails_Web_Mercator,XYACCURACY,0,15;GEOMETRYID "GEOMETRYID" true true false 38 Text 0 0,First,#,NPS_Trails_Web_Mercator,GEOMETRYID,0,38;FEATUREID "FEATUREID" true true false 38 Text 0 0,First,#,NPS_Trails_Web_Mercator,FEATUREID,0,38;FACLOCID "FACLOCID" true true false 10 Text 0 0,First,#,NPS_Trails_Web_Mercator,FACLOCID,0,10;FACASSETID "FACASSETID" true true false 7 Text 0 0,First,#,NPS_Trails_Web_Mercator,FACASSETID,0,7;IMLOCID "IMLOCID" true true false 13 Text 0 0,First,#,NPS_Trails_Web_Mercator,IMLOCID,0,13;OBSERVABLE "OBSERVABLE" true true false 7 Text 0 0,First,#,NPS_Trails_Web_Mercator,OBSERVABLE,0,7;ISEXTANT "ISEXTANT" true true false 7 Text 0 0,First,#,NPS_Trails_Web_Mercator,ISEXTANT,0,7;OPENTOPUBL "OPENTOPUBL" true true false 7 Text 0 0,First,#,NPS_Trails_Web_Mercator,OPENTOPUBL,0,7;ALTLANGNAM "ALTLANGNAM" true true false 4 Text 0 0,First,#,NPS_Trails_Web_Mercator,ALTLANGNAM,0,4;ALTLANG "ALTLANG" true true false 4 Text 0 0,First,#,NPS_Trails_Web_Mercator,ALTLANG,0,4;SEASONAL "SEASONAL" true true false 7 Text 0 0,First,#,NPS_Trails_Web_Mercator,SEASONAL,0,7;SEASDESC "SEASDESC" true true false 105 Text 0 0,First,#,NPS_Trails_Web_Mercator,SEASDESC,0,105;MAINTAINER "MAINTAINER" true true false 38 Text 0 0,First,#,NPS_Trails_Web_Mercator,MAINTAINER,0,38;NOTES "NOTES" true true false 254 Text 0 0,First,#,NPS_Trails_Web_Mercator,NOTES,0,254;StagingTab "StagingTab" true true false 40 Text 0 0,First,#,NPS_Trails_Web_Mercator,StagingTab,0,40" #</Process></lineage></DataProperties><SyncDate>20220321</SyncDate><SyncTime>15223500</SyncTime><ModDate>20220321</ModDate><ModTime>15223500</ModTime></Esri><dataIdInfo><envirDesc Sync="TRUE">Microsoft Windows 10 Version 10.0 (Build 19044) ; Esri ArcGIS 12.9.0.32739</envirDesc><dataLang><languageCode value="eng" Sync="TRUE"></languageCode><countryCode value="USA" Sync="TRUE"></countryCode></dataLang><idCitation><resTitle Sync="TRUE">Trails</resTitle><presForm><PresFormCd value="005" Sync="TRUE"></PresFormCd></presForm></idCitation><spatRpType><SpatRepTypCd value="001" Sync="TRUE"></SpatRepTypCd></spatRpType></dataIdInfo><mdLang><languageCode value="eng" Sync="TRUE"></languageCode><countryCode value="USA" Sync="TRUE"></countryCode></mdLang><mdChar><CharSetCd value="004" Sync="TRUE"></CharSetCd></mdChar><distInfo><distFormat><formatName Sync="TRUE">Shapefile</formatName></distFormat><distTranOps><transSize Sync="TRUE">0.000</transSize></distTranOps></distInfo><mdHrLv><ScopeCd value="005" Sync="TRUE"></ScopeCd></mdHrLv><mdHrLvName Sync="TRUE">dataset</mdHrLvName><refSysInfo><RefSystem><refSysID><identCode code="3857" Sync="TRUE"></identCode><idCodeSpace Sync="TRUE">EPSG</idCodeSpace><idVersion Sync="TRUE">6.18.3(9.3.1.2)</idVersion></refSysID></RefSystem></refSysInfo><spatRepInfo><VectSpatRep><geometObjs Name="Trails"><geoObjTyp><GeoObjTypCd value="002" Sync="TRUE"></GeoObjTypCd></geoObjTyp><geoObjCnt Sync="TRUE">0</geoObjCnt></geometObjs><topLvl><TopoLevCd value="001" Sync="TRUE"></TopoLevCd></topLvl></VectSpatRep></spatRepInfo><spdoinfo><ptvctinf><esriterm Name="Trails"><efeatyp Sync="TRUE">Simple</efeatyp><efeageom code="3" Sync="TRUE"></efeageom><esritopo Sync="TRUE">FALSE</esritopo><efeacnt Sync="TRUE">0</efeacnt><spindex Sync="TRUE">FALSE</spindex><linrefer Sync="TRUE">FALSE</linrefer></esriterm></ptvctinf></spdoinfo><eainfo><detailed Name="Trails"><enttyp><enttypl Sync="TRUE">Trails</enttypl><enttypt Sync="TRUE">Feature Class</enttypt><enttypc Sync="TRUE">0</enttypc></enttyp><attr><attrlabl Sync="TRUE">FID</attrlabl><attalias Sync="TRUE">FID</attalias><attrtype Sync="TRUE">OID</attrtype><attwidth Sync="TRUE">4</attwidth><atprecis Sync="TRUE">0</atprecis><attscale Sync="TRUE">0</attscale><attrdef Sync="TRUE">Internal feature number.</attrdef><attrdefs Sync="TRUE">Esri</attrdefs><attrdomv><udom Sync="TRUE">Sequential unique whole numbers that are automatically generated.</udom></attrdomv></attr><attr><attrlabl Sync="TRUE">Shape</attrlabl><attalias Sync="TRUE">Shape</attalias><attrtype Sync="TRUE">Geometry</attrtype><attwidth Sync="TRUE">0</attwidth><atprecis Sync="TRUE">0</atprecis><attscale Sync="TRUE">0</attscale><attrdef Sync="TRUE">Feature geometry.</attrdef><attrdefs Sync="TRUE">Esri</attrdefs><attrdomv><udom Sync="TRUE">Coordinates defining the features.</udom></attrdomv></attr><attr><attrlabl Sync="TRUE">OBJECTID_1</attrlabl><attalias Sync="TRUE">OBJECTID_1</attalias><attrtype Sync="TRUE">Integer</attrtype><attwidth Sync="TRUE">10</attwidth><atprecis Sync="TRUE">10</atprecis><attscale Sync="TRUE">0</attscale></attr><attr><attrlabl Sync="TRUE">TRLNAME</attrlabl><attalias Sync="TRUE">TRLNAME</attalias><attrtype Sync="TRUE">String</attrtype><attwidth Sync="TRUE">70</attwidth><atprecis Sync="TRUE">0</atprecis><attscale Sync="TRUE">0</attscale></attr><attr><attrlabl Sync="TRUE">TRLALTNAME</attrlabl><attalias Sync="TRUE">TRLALTNAME</attalias><attrtype Sync="TRUE">String</attrtype><attwidth Sync="TRUE">157</attwidth><atprecis Sync="TRUE">0</atprecis><attscale Sync="TRUE">0</attscale></attr><attr><attrlabl Sync="TRUE">MAPLABEL</attrlabl><attalias Sync="TRUE">MAPLABEL</attalias><attrtype Sync="TRUE">String</attrtype><attwidth Sync="TRUE">66</attwidth><atprecis Sync="TRUE">0</atprecis><attscale Sync="TRUE">0</attscale></attr><attr><attrlabl Sync="TRUE">TRLFEATTYP</attrlabl><attalias Sync="TRUE">TRLFEATTYP</attalias><attrtype Sync="TRUE">String</attrtype><attwidth Sync="TRUE">29</attwidth><atprecis Sync="TRUE">0</atprecis><attscale Sync="TRUE">0</attscale></attr><attr><attrlabl Sync="TRUE">TRLSTATUS</attrlabl><attalias Sync="TRUE">TRLSTATUS</attalias><attrtype Sync="TRUE">String</attrtype><attwidth Sync="TRUE">18</attwidth><atprecis Sync="TRUE">0</atprecis><attscale Sync="TRUE">0</attscale></attr><attr><attrlabl Sync="TRUE">TRLSURFACE</attrlabl><attalias Sync="TRUE">TRLSURFACE</attalias><attrtype Sync="TRUE">String</attrtype><attwidth Sync="TRUE">27</attwidth><atprecis Sync="TRUE">0</atprecis><attscale Sync="TRUE">0</attscale></attr><attr><attrlabl Sync="TRUE">TRLTYPE</attrlabl><attalias Sync="TRUE">TRLTYPE</attalias><attrtype Sync="TRUE">String</attrtype><attwidth Sync="TRUE">20</attwidth><atprecis Sync="TRUE">0</atprecis><attscale Sync="TRUE">0</attscale></attr><attr><attrlabl Sync="TRUE">TRLCLASS</attrlabl><attalias Sync="TRUE">TRLCLASS</attalias><attrtype Sync="TRUE">String</attrtype><attwidth Sync="TRUE">35</attwidth><atprecis Sync="TRUE">0</atprecis><attscale Sync="TRUE">0</attscale></attr><attr><attrlabl Sync="TRUE">TRLUSE</attrlabl><attalias Sync="TRUE">TRLUSE</attalias><attrtype Sync="TRUE">String</attrtype><attwidth Sync="TRUE">124</attwidth><atprecis Sync="TRUE">0</atprecis><attscale Sync="TRUE">0</attscale></attr><attr><attrlabl Sync="TRUE">PUBLICDISP</attrlabl><attalias Sync="TRUE">PUBLICDISP</attalias><attrtype Sync="TRUE">String</attrtype><attwidth Sync="TRUE">18</attwidth><atprecis Sync="TRUE">0</atprecis><attscale Sync="TRUE">0</attscale></attr><attr><attrlabl Sync="TRUE">DATAACCESS</attrlabl><attalias Sync="TRUE">DATAACCESS</attalias><attrtype Sync="TRUE">String</attrtype><attwidth Sync="TRUE">12</attwidth><atprecis Sync="TRUE">0</atprecis><attscale Sync="TRUE">0</attscale></attr><attr><attrlabl Sync="TRUE">ACCESSNOTE</attrlabl><attalias Sync="TRUE">ACCESSNOTE</attalias><attrtype Sync="TRUE">String</attrtype><attwidth Sync="TRUE">4</attwidth><atprecis Sync="TRUE">0</atprecis><attscale Sync="TRUE">0</attscale></attr><attr><attrlabl Sync="TRUE">ORIGINATOR</attrlabl><attalias Sync="TRUE">ORIGINATOR</attalias><attrtype Sync="TRUE">String</attrtype><attwidth Sync="TRUE">60</attwidth><atprecis Sync="TRUE">0</atprecis><attscale Sync="TRUE">0</attscale></attr><attr><attrlabl Sync="TRUE">UNITCODE</attrlabl><attalias Sync="TRUE">UNITCODE</attalias><attrtype Sync="TRUE">String</attrtype><attwidth Sync="TRUE">9</attwidth><atprecis Sync="TRUE">0</atprecis><attscale Sync="TRUE">0</attscale></attr><attr><attrlabl Sync="TRUE">UNITNAME</attrlabl><attalias Sync="TRUE">UNITNAME</attalias><attrtype Sync="TRUE">String</attrtype><attwidth Sync="TRUE">63</attwidth><atprecis Sync="TRUE">0</atprecis><attscale Sync="TRUE">0</attscale></attr><attr><attrlabl Sync="TRUE">UNITTYPE</attrlabl><attalias Sync="TRUE">UNITTYPE</attalias><attrtype Sync="TRUE">String</attrtype><attwidth Sync="TRUE">48</attwidth><atprecis Sync="TRUE">0</atprecis><attscale Sync="TRUE">0</attscale></attr><attr><attrlabl Sync="TRUE">GROUPCODE</attrlabl><attalias Sync="TRUE">GROUPCODE</attalias><attrtype Sync="TRUE">String</attrtype><attwidth Sync="TRUE">6</attwidth><atprecis Sync="TRUE">0</atprecis><attscale Sync="TRUE">0</attscale></attr><attr><attrlabl Sync="TRUE">GROUPNAME</attrlabl><attalias Sync="TRUE">GROUPNAME</attalias><attrtype Sync="TRUE">String</attrtype><attwidth Sync="TRUE">50</attwidth><atprecis Sync="TRUE">0</atprecis><attscale Sync="TRUE">0</attscale></attr><attr><attrlabl Sync="TRUE">REGIONCODE</attrlabl><attalias Sync="TRUE">REGIONCODE</attalias><attrtype Sync="TRUE">String</attrtype><attwidth Sync="TRUE">4</attwidth><atprecis Sync="TRUE">0</atprecis><attscale Sync="TRUE">0</attscale></attr><attr><attrlabl Sync="TRUE">CREATEDATE</attrlabl><attalias Sync="TRUE">CREATEDATE</attalias><attrtype Sync="TRUE">Date</attrtype><attwidth Sync="TRUE">8</attwidth><atprecis Sync="TRUE">0</atprecis><attscale Sync="TRUE">0</attscale></attr><attr><attrlabl Sync="TRUE">EDITDATE</attrlabl><attalias Sync="TRUE">EDITDATE</attalias><attrtype Sync="TRUE">Date</attrtype><attwidth Sync="TRUE">8</attwidth><atprecis Sync="TRUE">0</atprecis><attscale Sync="TRUE">0</attscale></attr><attr><attrlabl Sync="TRUE">LINETYPE</attrlabl><attalias Sync="TRUE">LINETYPE</attalias><attrtype Sync="TRUE">String</attrtype><attwidth Sync="TRUE">14</attwidth><atprecis Sync="TRUE">0</atprecis><attscale Sync="TRUE">0</attscale></attr><attr><attrlabl Sync="TRUE">MAPMETHOD</attrlabl><attalias Sync="TRUE">MAPMETHOD</attalias><attrtype Sync="TRUE">String</attrtype><attwidth Sync="TRUE">144</attwidth><atprecis Sync="TRUE">0</atprecis><attscale Sync="TRUE">0</attscale></attr><attr><attrlabl Sync="TRUE">MAPSOURCE</attrlabl><attalias Sync="TRUE">MAPSOURCE</attalias><attrtype Sync="TRUE">String</attrtype><attwidth Sync="TRUE">254</attwidth><atprecis Sync="TRUE">0</atprecis><attscale Sync="TRUE">0</attscale></attr><attr><attrlabl Sync="TRUE">SOURCEDATE</attrlabl><attalias Sync="TRUE">SOURCEDATE</attalias><attrtype Sync="TRUE">Date</attrtype><attwidth Sync="TRUE">8</attwidth><atprecis Sync="TRUE">0</atprecis><attscale Sync="TRUE">0</attscale></attr><attr><attrlabl Sync="TRUE">XYACCURACY</attrlabl><attalias Sync="TRUE">XYACCURACY</attalias><attrtype Sync="TRUE">String</attrtype><attwidth Sync="TRUE">15</attwidth><atprecis Sync="TRUE">0</atprecis><attscale Sync="TRUE">0</attscale></attr><attr><attrlabl Sync="TRUE">GEOMETRYID</attrlabl><attalias Sync="TRUE">GEOMETRYID</attalias><attrtype Sync="TRUE">String</attrtype><attwidth Sync="TRUE">38</attwidth><atprecis Sync="TRUE">0</atprecis><attscale Sync="TRUE">0</attscale></attr><attr><attrlabl Sync="TRUE">FEATUREID</attrlabl><attalias Sync="TRUE">FEATUREID</attalias><attrtype Sync="TRUE">String</attrtype><attwidth Sync="TRUE">38</attwidth><atprecis Sync="TRUE">0</atprecis><attscale Sync="TRUE">0</attscale></attr><attr><attrlabl Sync="TRUE">FACLOCID</attrlabl><attalias Sync="TRUE">FACLOCID</attalias><attrtype Sync="TRUE">String</attrtype><attwidth Sync="TRUE">10</attwidth><atprecis Sync="TRUE">0</atprecis><attscale Sync="TRUE">0</attscale></attr><attr><attrlabl Sync="TRUE">FACASSETID</attrlabl><attalias Sync="TRUE">FACASSETID</attalias><attrtype Sync="TRUE">String</attrtype><attwidth Sync="TRUE">7</attwidth><atprecis Sync="TRUE">0</atprecis><attscale Sync="TRUE">0</attscale></attr><attr><attrlabl Sync="TRUE">IMLOCID</attrlabl><attalias Sync="TRUE">IMLOCID</attalias><attrtype Sync="TRUE">String</attrtype><attwidth Sync="TRUE">13</attwidth><atprecis Sync="TRUE">0</atprecis><attscale Sync="TRUE">0</attscale></attr><attr><attrlabl Sync="TRUE">OBSERVABLE</attrlabl><attalias Sync="TRUE">OBSERVABLE</attalias><attrtype Sync="TRUE">String</attrtype><attwidth Sync="TRUE">7</attwidth><atprecis Sync="TRUE">0</atprecis><attscale Sync="TRUE">0</attscale></attr><attr><attrlabl Sync="TRUE">ISEXTANT</attrlabl><attalias Sync="TRUE">ISEXTANT</attalias><attrtype Sync="TRUE">String</attrtype><attwidth Sync="TRUE">7</attwidth><atprecis Sync="TRUE">0</atprecis><attscale Sync="TRUE">0</attscale></attr><attr><attrlabl Sync="TRUE">OPENTOPUBL</attrlabl><attalias Sync="TRUE">OPENTOPUBL</attalias><attrtype Sync="TRUE">String</attrtype><attwidth Sync="TRUE">7</attwidth><atprecis Sync="TRUE">0</atprecis><attscale Sync="TRUE">0</attscale></attr><attr><attrlabl Sync="TRUE">ALTLANGNAM</attrlabl><attalias Sync="TRUE">ALTLANGNAM</attalias><attrtype Sync="TRUE">String</attrtype><attwidth Sync="TRUE">4</attwidth><atprecis Sync="TRUE">0</atprecis><attscale Sync="TRUE">0</attscale></attr><attr><attrlabl Sync="TRUE">ALTLANG</attrlabl><attalias Sync="TRUE">ALTLANG</attalias><attrtype Sync="TRUE">String</attrtype><attwidth Sync="TRUE">4</attwidth><atprecis Sync="TRUE">0</atprecis><attscale Sync="TRUE">0</attscale></attr><attr><attrlabl Sync="TRUE">SEASONAL</attrlabl><attalias Sync="TRUE">SEASONAL</attalias><attrtype Sync="TRUE">String</attrtype><attwidth Sync="TRUE">7</attwidth><atprecis Sync="TRUE">0</atprecis><attscale Sync="TRUE">0</attscale></attr><attr><attrlabl Sync="TRUE">SEASDESC</attrlabl><attalias Sync="TRUE">SEASDESC</attalias><attrtype Sync="TRUE">String</attrtype><attwidth Sync="TRUE">105</attwidth><atprecis Sync="TRUE">0</atprecis><attscale Sync="TRUE">0</attscale></attr><attr><attrlabl Sync="TRUE">MAINTAINER</attrlabl><attalias Sync="TRUE">MAINTAINER</attalias><attrtype Sync="TRUE">String</attrtype><attwidth Sync="TRUE">38</attwidth><atprecis Sync="TRUE">0</atprecis><attscale Sync="TRUE">0</attscale></attr><attr><attrlabl Sync="TRUE">NOTES</attrlabl><attalias Sync="TRUE">NOTES</attalias><attrtype Sync="TRUE">String</attrtype><attwidth Sync="TRUE">254</attwidth><atprecis Sync="TRUE">0</atprecis><attscale Sync="TRUE">0</attscale></attr><attr><attrlabl Sync="TRUE">StagingTab</attrlabl><attalias Sync="TRUE">StagingTab</attalias><attrtype Sync="TRUE">String</attrtype><attwidth Sync="TRUE">40</attwidth><atprecis Sync="TRUE">0</atprecis><attscale Sync="TRUE">0</attscale></attr></detailed></eainfo><mdDateSt Sync="TRUE">20220321</mdDateSt></metadata>
