<?xml version="1.0" encoding="UTF-8"?>
<metadata xml:lang="en"><Esri><CreaDate>20220411</CreaDate><CreaTime>10123900</CreaTime><ArcGISFormat>1.0</ArcGISFormat><SyncOnce>TRUE</SyncOnce><DataProperties><lineage><Process Name="Define Projection" ToolSource="c:\program files\arcgis\pro\Resources\ArcToolbox\toolboxes\Data Management Tools.tbx\DefineProjection" Date="20220321" Time="145607">DefineProjection D:\MS_GIS\777\Project_2\Data\mine.shp PROJCS["NAD_1983_UTM_Zone_13N",GEOGCS["GCS_North_American_1983",DATUM["D_North_American_1983",SPHEROID["GRS_1980",6378137.0,298.257222101]],PRIMEM["Greenwich",0.0],UNIT["Degree",0.0174532925199433]],PROJECTION["Transverse_Mercator"],PARAMETER["False_Easting",500000.0],PARAMETER["False_Northing",0.0],PARAMETER["Central_Meridian",-105.0],PARAMETER["Scale_Factor",0.9996],PARAMETER["Latitude_Of_Origin",0.0],UNIT["Meter",1.0]]</Process><Process ToolSource="c:\program files\arcgis\pro\Resources\ArcToolbox\Toolboxes\Data Management Tools.tbx\Copy" Date="20220411" Time="101239">Copy D:\MS_GIS\777\Project_2\Data\mine.shp "D:\MS_GIS\777\Project_2\Data\Data_Projected\Big Bend_Mines\mine.shp" Shapefile #</Process></lineage><itemProps><itemLocation><linkage Sync="TRUE">file://\\MSN1-00034-L\D$\MS_GIS\777\Project_2\Data\Data_Projected\Big Bend_Mines\mine</linkage><protocol Sync="TRUE">Local Area Network</protocol></itemLocation></itemProps><copyHistory><copy source="D:\MS_GIS\777\Project_2\Data\mine" dest="\\MSN1-00034-L\D$\MS_GIS\777\Project_2\Data\Data_Projected\Big Bend_Mines\mine" date="20220411" time="10123900"></copy></copyHistory></DataProperties></Esri></metadata>
