<metadata xml:lang="en"><Esri><CreaDate>20220418</CreaDate><CreaTime>10032900</CreaTime><ArcGISFormat>1.0</ArcGISFormat><SyncOnce>FALSE</SyncOnce><DataProperties><lineage><Process ToolSource="c:\program files\arcgis\pro\Resources\ArcToolbox\toolboxes\Cartography Tools.tbx\GridIndexFeatures" Date="20220418" Time="100329">GridIndexFeatures D:\MS_GIS\777\Project_2\Data\Data_Projected\Trail_Grid.shp D:\MS_GIS\777\Project_2\Data\Data_Projected\Big_Bend_Trails\Trails.shp INTERSECTFEATURE NO_USEPAGEUNIT # "0.02 DecimalDegrees" "0.02 DecimalDegrees" "-11551329.4494 3372851.5489" 38 46 1 NO_LABELFROMORIGIN</Process><Process ToolSource="c:\program files\arcgis\pro\Resources\ArcToolbox\toolboxes\Data Management Tools.tbx\DeleteField" Date="20220418" Time="100420">DeleteField Trail_Grid PageNumber "Delete Fields"</Process><Process ToolSource="c:\program files\arcgis\pro\Resources\ArcToolbox\toolboxes\Data Management Tools.tbx\UpdateSchema" Date="20220418" Time="100501">UpdateSchema "CIMDATA=&lt;CIMStandardDataConnection xsi:type='typens:CIMStandardDataConnection' xmlns:xsi='http://www.w3.org/2001/XMLSchema-instance' xmlns:xs='http://www.w3.org/2001/XMLSchema' xmlns:typens='http://www.esri.com/schemas/ArcGIS/2.9.0'&gt;&lt;WorkspaceConnectionString&gt;DATABASE=D:\MS_GIS\777\Project_2\Data\Data_Projected&lt;/WorkspaceConnectionString&gt;&lt;WorkspaceFactory&gt;Shapefile&lt;/WorkspaceFactory&gt;&lt;Dataset&gt;Trail_Grid&lt;/Dataset&gt;&lt;DatasetType&gt;esriDTFeatureClass&lt;/DatasetType&gt;&lt;/CIMStandardDataConnection&gt;" &lt;operationSequence&gt;&lt;workflow&gt;&lt;AddField&gt;&lt;field_name&gt;TRL_Class&lt;/field_name&gt;&lt;field_type&gt;TEXT&lt;/field_type&gt;&lt;field_length&gt;255&lt;/field_length&gt;&lt;field_is_nullable&gt;False&lt;/field_is_nullable&gt;&lt;field_is_required&gt;False&lt;/field_is_required&gt;&lt;/AddField&gt;&lt;/workflow&gt;&lt;/operationSequence&gt;</Process><Process ToolSource="c:\program files\arcgis\pro\Resources\ArcToolbox\toolboxes\Data Management Tools.tbx\CalculateField" Date="20220418" Time="100526">CalculateField Trail_Grid TRL_Class "lass 3: Developed" "Python 3" # Text NO_ENFORCE_DOMAINS</Process><Process ToolSource="c:\program files\arcgis\pro\Resources\ArcToolbox\toolboxes\Data Management Tools.tbx\CalculateField" Date="20220418" Time="100530">CalculateField Trail_Grid TRL_Class "Class 3: Developed" "Python 3" # Text NO_ENFORCE_DOMAINS</Process><Process ToolSource="c:\program files\arcgis\pro\Resources\ArcToolbox\toolboxes\Data Management Tools.tbx\CalculateField" Date="20220418" Time="100638">CalculateField Trail_Grid TRL_Class "Class 1: Minimally Developed" "Python 3" # Text NO_ENFORCE_DOMAINS</Process><Process ToolSource="c:\program files\arcgis\pro\Resources\ArcToolbox\toolboxes\Data Management Tools.tbx\CalculateField" Date="20220418" Time="100803">CalculateField Trail_Grid TRL_Class "Class 2: Moderately Developed" "Python 3" # Text NO_ENFORCE_DOMAINS</Process><Process ToolSource="c:\program files\arcgis\pro\Resources\ArcToolbox\toolboxes\Analysis Tools.tbx\SpatialJoin" Date="20220418" Time="101003">SpatialJoin Trail_Grid Trails C:\Users\Jboyden\Documents\ArcGIS\Projects\777\777.gdb\Trail_Grid_SpatialJoin "Join one to one" KEEP_ALL "PageName "PageName" true true false 254 Text 0 0,First,#,Trail_Grid,PageName,0,254;TRL_Class "Trail Class" true true false 254 Text 0 0,First,#,Trail_Grid,TRL_Class,0,254;OBJECTID_1 "OBJECTID_1" true true false 10 Long 0 10,First,#,Trails,OBJECTID_1,-1,-1;TRLNAME "TRLNAME" true true false 70 Text 0 0,First,#,Trails,TRLNAME,0,70;TRLALTNAME "TRLALTNAME" true true false 157 Text 0 0,First,#,Trails,TRLALTNAME,0,157;MAPLABEL "MAPLABEL" true true false 66 Text 0 0,First,#,Trails,MAPLABEL,0,66;TRLFEATTYP "TRLFEATTYP" true true false 29 Text 0 0,First,#,Trails,TRLFEATTYP,0,29;TRLSTATUS "TRLSTATUS" true true false 18 Text 0 0,First,#,Trails,TRLSTATUS,0,18;TRLSURFACE "TRLSURFACE" true true false 27 Text 0 0,First,#,Trails,TRLSURFACE,0,27;TRLTYPE "TRLTYPE" true true false 20 Text 0 0,First,#,Trails,TRLTYPE,0,20;TRLCLASS "TRLCLASS" true true false 35 Text 0 0,First,#,Trails,TRLCLASS,0,35;TRLUSE "TRLUSE" true true false 124 Text 0 0,First,#,Trails,TRLUSE,0,124;PUBLICDISP "PUBLICDISP" true true false 18 Text 0 0,First,#,Trails,PUBLICDISP,0,18;DATAACCESS "DATAACCESS" true true false 12 Text 0 0,First,#,Trails,DATAACCESS,0,12;ACCESSNOTE "ACCESSNOTE" true true false 4 Text 0 0,First,#,Trails,ACCESSNOTE,0,4;ORIGINATOR "ORIGINATOR" true true false 60 Text 0 0,First,#,Trails,ORIGINATOR,0,60;UNITCODE "UNITCODE" true true false 9 Text 0 0,First,#,Trails,UNITCODE,0,9;UNITNAME "UNITNAME" true true false 63 Text 0 0,First,#,Trails,UNITNAME,0,63;UNITTYPE "UNITTYPE" true true false 48 Text 0 0,First,#,Trails,UNITTYPE,0,48;GROUPCODE "GROUPCODE" true true false 6 Text 0 0,First,#,Trails,GROUPCODE,0,6;GROUPNAME "GROUPNAME" true true false 50 Text 0 0,First,#,Trails,GROUPNAME,0,50;REGIONCODE "REGIONCODE" true true false 4 Text 0 0,First,#,Trails,REGIONCODE,0,4;CREATEDATE "CREATEDATE" true true false 8 Date 0 0,First,#,Trails,CREATEDATE,-1,-1;EDITDATE "EDITDATE" true true false 8 Date 0 0,First,#,Trails,EDITDATE,-1,-1;LINETYPE "LINETYPE" true true false 14 Text 0 0,First,#,Trails,LINETYPE,0,14;MAPMETHOD "MAPMETHOD" true true false 144 Text 0 0,First,#,Trails,MAPMETHOD,0,144;MAPSOURCE "MAPSOURCE" true true false 254 Text 0 0,First,#,Trails,MAPSOURCE,0,254;SOURCEDATE "SOURCEDATE" true true false 8 Date 0 0,First,#,Trails,SOURCEDATE,-1,-1;XYACCURACY "XYACCURACY" true true false 15 Text 0 0,First,#,Trails,XYACCURACY,0,15;GEOMETRYID "GEOMETRYID" true true false 38 Text 0 0,First,#,Trails,GEOMETRYID,0,38;FEATUREID "FEATUREID" true true false 38 Text 0 0,First,#,Trails,FEATUREID,0,38;FACLOCID "FACLOCID" true true false 10 Text 0 0,First,#,Trails,FACLOCID,0,10;FACASSETID "FACASSETID" true true false 7 Text 0 0,First,#,Trails,FACASSETID,0,7;IMLOCID "IMLOCID" true true false 13 Text 0 0,First,#,Trails,IMLOCID,0,13;OBSERVABLE "OBSERVABLE" true true false 7 Text 0 0,First,#,Trails,OBSERVABLE,0,7;ISEXTANT "ISEXTANT" true true false 7 Text 0 0,First,#,Trails,ISEXTANT,0,7;OPENTOPUBL "OPENTOPUBL" true true false 7 Text 0 0,First,#,Trails,OPENTOPUBL,0,7;ALTLANGNAM "ALTLANGNAM" true true false 4 Text 0 0,First,#,Trails,ALTLANGNAM,0,4;ALTLANG "ALTLANG" true true false 4 Text 0 0,First,#,Trails,ALTLANG,0,4;SEASONAL "SEASONAL" true true false 7 Text 0 0,First,#,Trails,SEASONAL,0,7;SEASDESC "SEASDESC" true true false 105 Text 0 0,First,#,Trails,SEASDESC,0,105;MAINTAINER "MAINTAINER" true true false 38 Text 0 0,First,#,Trails,MAINTAINER,0,38;NOTES "NOTES" true true false 254 Text 0 0,First,#,Trails,NOTES,0,254;StagingTab "StagingTab" true true false 40 Text 0 0,First,#,Trails,StagingTab,0,40" Intersect # #</Process><Process ToolSource="c:\program files\arcgis\pro\Resources\ArcToolbox\toolboxes\Data Management Tools.tbx\DeleteField" Date="20220418" Time="101037">DeleteField Trail_Grid_SpatialJoin Join_Count "Delete Fields"</Process><Process ToolSource="c:\program files\arcgis\pro\Resources\ArcToolbox\toolboxes\Data Management Tools.tbx\DeleteField" Date="20220418" Time="101145">DeleteField Trail_Grid_SpatialJoin OBJECTID_1;TRLNAME;TRLALTNAME "Delete Fields"</Process><Process ToolSource="c:\program files\arcgis\pro\Resources\ArcToolbox\toolboxes\Data Management Tools.tbx\DeleteField" Date="20220418" Time="101155">DeleteField Trail_Grid_SpatialJoin TARGET_FID;PageName "Delete Fields"</Process><Process ToolSource="c:\program files\arcgis\pro\Resources\ArcToolbox\toolboxes\Conversion Tools.tbx\FeatureClassToFeatureClass" Date="20220418" Time="101417">FeatureClassToFeatureClass Trail_Grid D:\MS_GIS\777\Project_2\Data\Data_Projected\Trail_Grid Trail_Grid.shp # "TRL_Class "Trail Class" true true false 254 Text 0 0,First,#,Trail_Grid,TRL_Class,0,254;MAPLABEL "MAPLABEL" true true false 66 Text 0 0,First,#,Trail_Grid,MAPLABEL,0,66;TRLFEATTYP "TRLFEATTYP" true true false 29 Text 0 0,First,#,Trail_Grid,TRLFEATTYP,0,29;TRLSTATUS "TRLSTATUS" true true false 18 Text 0 0,First,#,Trail_Grid,TRLSTATUS,0,18;TRLSURFACE "TRLSURFACE" true true false 27 Text 0 0,First,#,Trail_Grid,TRLSURFACE,0,27;TRLTYPE "TRLTYPE" true true false 20 Text 0 0,First,#,Trail_Grid,TRLTYPE,0,20;TRLCLASS "TRLCLASS" true true false 35 Text 0 0,First,#,Trail_Grid,TRLCLASS,0,35;TRLUSE "TRLUSE" true true false 124 Text 0 0,First,#,Trail_Grid,TRLUSE,0,124;PUBLICDISP "PUBLICDISP" true true false 18 Text 0 0,First,#,Trail_Grid,PUBLICDISP,0,18;DATAACCESS "DATAACCESS" true true false 12 Text 0 0,First,#,Trail_Grid,DATAACCESS,0,12;ACCESSNOTE "ACCESSNOTE" true true false 4 Text 0 0,First,#,Trail_Grid,ACCESSNOTE,0,4;ORIGINATOR "ORIGINATOR" true true false 60 Text 0 0,First,#,Trail_Grid,ORIGINATOR,0,60;UNITCODE "UNITCODE" true true false 9 Text 0 0,First,#,Trail_Grid,UNITCODE,0,9;UNITNAME "UNITNAME" true true false 63 Text 0 0,First,#,Trail_Grid,UNITNAME,0,63;UNITTYPE "UNITTYPE" true true false 48 Text 0 0,First,#,Trail_Grid,UNITTYPE,0,48;GROUPCODE "GROUPCODE" true true false 6 Text 0 0,First,#,Trail_Grid,GROUPCODE,0,6;GROUPNAME "GROUPNAME" true true false 50 Text 0 0,First,#,Trail_Grid,GROUPNAME,0,50;REGIONCODE "REGIONCODE" true true false 4 Text 0 0,First,#,Trail_Grid,REGIONCODE,0,4;CREATEDATE "CREATEDATE" true true false 8 Date 0 0,First,#,Trail_Grid,CREATEDATE,-1,-1;EDITDATE "EDITDATE" true true false 8 Date 0 0,First,#,Trail_Grid,EDITDATE,-1,-1;LINETYPE "LINETYPE" true true false 14 Text 0 0,First,#,Trail_Grid,LINETYPE,0,14;MAPMETHOD "MAPMETHOD" true true false 144 Text 0 0,First,#,Trail_Grid,MAPMETHOD,0,144;MAPSOURCE "MAPSOURCE" true true false 254 Text 0 0,First,#,Trail_Grid,MAPSOURCE,0,254;SOURCEDATE "SOURCEDATE" true true false 8 Date 0 0,First,#,Trail_Grid,SOURCEDATE,-1,-1;XYACCURACY "XYACCURACY" true true false 15 Text 0 0,First,#,Trail_Grid,XYACCURACY,0,15;GEOMETRYID "GEOMETRYID" true true false 38 Text 0 0,First,#,Trail_Grid,GEOMETRYID,0,38;FEATUREID "FEATUREID" true true false 38 Text 0 0,First,#,Trail_Grid,FEATUREID,0,38;FACLOCID "FACLOCID" true true false 10 Text 0 0,First,#,Trail_Grid,FACLOCID,0,10;FACASSETID "FACASSETID" true true false 7 Text 0 0,First,#,Trail_Grid,FACASSETID,0,7;IMLOCID "IMLOCID" true true false 13 Text 0 0,First,#,Trail_Grid,IMLOCID,0,13;OBSERVABLE "OBSERVABLE" true true false 7 Text 0 0,First,#,Trail_Grid,OBSERVABLE,0,7;ISEXTANT "ISEXTANT" true true false 7 Text 0 0,First,#,Trail_Grid,ISEXTANT,0,7;OPENTOPUBL "OPENTOPUBL" true true false 7 Text 0 0,First,#,Trail_Grid,OPENTOPUBL,0,7;ALTLANGNAM "ALTLANGNAM" true true false 4 Text 0 0,First,#,Trail_Grid,ALTLANGNAM,0,4;ALTLANG "ALTLANG" true true false 4 Text 0 0,First,#,Trail_Grid,ALTLANG,0,4;SEASONAL "SEASONAL" true true false 7 Text 0 0,First,#,Trail_Grid,SEASONAL,0,7;SEASDESC "SEASDESC" true true false 105 Text 0 0,First,#,Trail_Grid,SEASDESC,0,105;MAINTAINER "MAINTAINER" true true false 38 Text 0 0,First,#,Trail_Grid,MAINTAINER,0,38;NOTES "NOTES" true true false 254 Text 0 0,First,#,Trail_Grid,NOTES,0,254;StagingTab "StagingTab" true true false 40 Text 0 0,First,#,Trail_Grid,StagingTab,0,40;Shape_Length "Shape_Length" false true true 8 Double 0 0,First,#,Trail_Grid,Shape_Length,-1,-1;Shape_Area "Shape_Area" false true true 8 Double 0 0,First,#,Trail_Grid,Shape_Area,-1,-1" #</Process></lineage><itemProps><itemName Sync="TRUE">Trail_Grid</itemName><imsContentType Sync="TRUE">002</imsContentType><itemLocation><linkage Sync="TRUE">file://\\MSN1-00034-L\D$\MS_GIS\777\Project_2\Data\Data_Projected\Trail_Grid\Trail_Grid.shp</linkage><protocol Sync="TRUE">Local Area Network</protocol></itemLocation><itemSize Sync="TRUE">0.000</itemSize></itemProps><coordRef><type Sync="TRUE">Projected</type><geogcsn Sync="TRUE">GCS_WGS_1984</geogcsn><csUnits Sync="TRUE">Linear Unit: Meter (1.000000)</csUnits><projcsn Sync="TRUE">WGS_1984_Web_Mercator_Auxiliary_Sphere</projcsn><peXml Sync="TRUE">&lt;ProjectedCoordinateSystem xsi:type='typens:ProjectedCoordinateSystem' xmlns:xsi='http://www.w3.org/2001/XMLSchema-instance' xmlns:xs='http://www.w3.org/2001/XMLSchema' xmlns:typens='http://www.esri.com/schemas/ArcGIS/2.9.0'&gt;&lt;WKT&gt;PROJCS[&amp;quot;WGS_1984_Web_Mercator_Auxiliary_Sphere&amp;quot;,GEOGCS[&amp;quot;GCS_WGS_1984&amp;quot;,DATUM[&amp;quot;D_WGS_1984&amp;quot;,SPHEROID[&amp;quot;WGS_1984&amp;quot;,6378137.0,298.257223563]],PRIMEM[&amp;quot;Greenwich&amp;quot;,0.0],UNIT[&amp;quot;Degree&amp;quot;,0.0174532925199433]],PROJECTION[&amp;quot;Mercator_Auxiliary_Sphere&amp;quot;],PARAMETER[&amp;quot;False_Easting&amp;quot;,0.0],PARAMETER[&amp;quot;False_Northing&amp;quot;,0.0],PARAMETER[&amp;quot;Central_Meridian&amp;quot;,0.0],PARAMETER[&amp;quot;Standard_Parallel_1&amp;quot;,0.0],PARAMETER[&amp;quot;Auxiliary_Sphere_Type&amp;quot;,0.0],UNIT[&amp;quot;Meter&amp;quot;,1.0],AUTHORITY[&amp;quot;EPSG&amp;quot;,3857]]&lt;/WKT&gt;&lt;XOrigin&gt;-20037700&lt;/XOrigin&gt;&lt;YOrigin&gt;-30241100&lt;/YOrigin&gt;&lt;XYScale&gt;148923141.92838538&lt;/XYScale&gt;&lt;ZOrigin&gt;-100000&lt;/ZOrigin&gt;&lt;ZScale&gt;10000&lt;/ZScale&gt;&lt;MOrigin&gt;-100000&lt;/MOrigin&gt;&lt;MScale&gt;10000&lt;/MScale&gt;&lt;XYTolerance&gt;0.001&lt;/XYTolerance&gt;&lt;ZTolerance&gt;0.001&lt;/ZTolerance&gt;&lt;MTolerance&gt;0.001&lt;/MTolerance&gt;&lt;HighPrecision&gt;true&lt;/HighPrecision&gt;&lt;WKID&gt;102100&lt;/WKID&gt;&lt;LatestWKID&gt;3857&lt;/LatestWKID&gt;&lt;/ProjectedCoordinateSystem&gt;</peXml></coordRef></DataProperties><SyncDate>20220418</SyncDate><SyncTime>10141600</SyncTime><ModDate>20220418</ModDate><ModTime>10141600</ModTime></Esri><dataIdInfo><envirDesc Sync="TRUE">Microsoft Windows 10 Version 10.0 (Build 19044) ; Esri ArcGIS 12.9.0.32739</envirDesc><dataLang><languageCode value="eng" Sync="TRUE"></languageCode><countryCode value="USA" Sync="TRUE"></countryCode></dataLang><idCitation><resTitle Sync="TRUE">Trail_Grid</resTitle><presForm><PresFormCd value="005" Sync="TRUE"></PresFormCd></presForm></idCitation><spatRpType><SpatRepTypCd value="001" Sync="TRUE"></SpatRepTypCd></spatRpType></dataIdInfo><mdLang><languageCode value="eng" Sync="TRUE"></languageCode><countryCode value="USA" Sync="TRUE"></countryCode></mdLang><distInfo><distFormat><formatName Sync="TRUE">Shapefile</formatName></distFormat><distTranOps><transSize Sync="TRUE">0.000</transSize></distTranOps></distInfo><mdHrLv><ScopeCd value="005" Sync="TRUE"></ScopeCd></mdHrLv><mdHrLvName Sync="TRUE">dataset</mdHrLvName><refSysInfo><RefSystem><refSysID><identCode code="3857" Sync="TRUE"></identCode><idCodeSpace Sync="TRUE">EPSG</idCodeSpace><idVersion Sync="TRUE">6.18.3(9.3.1.2)</idVersion></refSysID></RefSystem></refSysInfo><spatRepInfo><VectSpatRep><geometObjs Name="Trail_Grid"><geoObjTyp><GeoObjTypCd value="002" Sync="TRUE"></GeoObjTypCd></geoObjTyp><geoObjCnt Sync="TRUE">0</geoObjCnt></geometObjs><topLvl><TopoLevCd value="001" Sync="TRUE"></TopoLevCd></topLvl></VectSpatRep></spatRepInfo><spdoinfo><ptvctinf><esriterm Name="Trail_Grid"><efeatyp Sync="TRUE">Simple</efeatyp><efeageom code="4" Sync="TRUE"></efeageom><esritopo Sync="TRUE">FALSE</esritopo><efeacnt Sync="TRUE">0</efeacnt><spindex Sync="TRUE">FALSE</spindex><linrefer Sync="TRUE">FALSE</linrefer></esriterm></ptvctinf></spdoinfo><eainfo><detailed Name="Trail_Grid"><enttyp><enttypl Sync="TRUE">Trail_Grid</enttypl><enttypt Sync="TRUE">Feature Class</enttypt><enttypc Sync="TRUE">0</enttypc></enttyp><attr><attrlabl Sync="TRUE">FID</attrlabl><attalias Sync="TRUE">FID</attalias><attrtype Sync="TRUE">OID</attrtype><attwidth Sync="TRUE">4</attwidth><atprecis Sync="TRUE">0</atprecis><attscale Sync="TRUE">0</attscale><attrdef Sync="TRUE">Internal feature number.</attrdef><attrdefs Sync="TRUE">Esri</attrdefs><attrdomv><udom Sync="TRUE">Sequential unique whole numbers that are automatically generated.</udom></attrdomv></attr><attr><attrlabl Sync="TRUE">Shape</attrlabl><attalias Sync="TRUE">Shape</attalias><attrtype Sync="TRUE">Geometry</attrtype><attwidth Sync="TRUE">0</attwidth><atprecis Sync="TRUE">0</atprecis><attscale Sync="TRUE">0</attscale><attrdef Sync="TRUE">Feature geometry.</attrdef><attrdefs Sync="TRUE">Esri</attrdefs><attrdomv><udom Sync="TRUE">Coordinates defining the features.</udom></attrdomv></attr><attr><attrlabl Sync="TRUE">TRL_Class</attrlabl><attalias Sync="TRUE">TRL_Class</attalias><attrtype Sync="TRUE">String</attrtype><attwidth Sync="TRUE">254</attwidth><atprecis Sync="TRUE">0</atprecis><attscale Sync="TRUE">0</attscale></attr><attr><attrlabl Sync="TRUE">MAPLABEL</attrlabl><attalias Sync="TRUE">MAPLABEL</attalias><attrtype Sync="TRUE">String</attrtype><attwidth Sync="TRUE">66</attwidth><atprecis Sync="TRUE">0</atprecis><attscale Sync="TRUE">0</attscale></attr><attr><attrlabl Sync="TRUE">TRLFEATTYP</attrlabl><attalias Sync="TRUE">TRLFEATTYP</attalias><attrtype Sync="TRUE">String</attrtype><attwidth Sync="TRUE">29</attwidth><atprecis Sync="TRUE">0</atprecis><attscale Sync="TRUE">0</attscale></attr><attr><attrlabl Sync="TRUE">TRLSTATUS</attrlabl><attalias Sync="TRUE">TRLSTATUS</attalias><attrtype Sync="TRUE">String</attrtype><attwidth Sync="TRUE">18</attwidth><atprecis Sync="TRUE">0</atprecis><attscale Sync="TRUE">0</attscale></attr><attr><attrlabl Sync="TRUE">TRLSURFACE</attrlabl><attalias Sync="TRUE">TRLSURFACE</attalias><attrtype Sync="TRUE">String</attrtype><attwidth Sync="TRUE">27</attwidth><atprecis Sync="TRUE">0</atprecis><attscale Sync="TRUE">0</attscale></attr><attr><attrlabl Sync="TRUE">TRLTYPE</attrlabl><attalias Sync="TRUE">TRLTYPE</attalias><attrtype Sync="TRUE">String</attrtype><attwidth Sync="TRUE">20</attwidth><atprecis Sync="TRUE">0</atprecis><attscale Sync="TRUE">0</attscale></attr><attr><attrlabl Sync="TRUE">TRLCLASS</attrlabl><attalias Sync="TRUE">TRLCLASS</attalias><attrtype Sync="TRUE">String</attrtype><attwidth Sync="TRUE">35</attwidth><atprecis Sync="TRUE">0</atprecis><attscale Sync="TRUE">0</attscale></attr><attr><attrlabl Sync="TRUE">TRLUSE</attrlabl><attalias Sync="TRUE">TRLUSE</attalias><attrtype Sync="TRUE">String</attrtype><attwidth Sync="TRUE">124</attwidth><atprecis Sync="TRUE">0</atprecis><attscale Sync="TRUE">0</attscale></attr><attr><attrlabl Sync="TRUE">PUBLICDISP</attrlabl><attalias Sync="TRUE">PUBLICDISP</attalias><attrtype Sync="TRUE">String</attrtype><attwidth Sync="TRUE">18</attwidth><atprecis Sync="TRUE">0</atprecis><attscale Sync="TRUE">0</attscale></attr><attr><attrlabl Sync="TRUE">DATAACCESS</attrlabl><attalias Sync="TRUE">DATAACCESS</attalias><attrtype Sync="TRUE">String</attrtype><attwidth Sync="TRUE">12</attwidth><atprecis Sync="TRUE">0</atprecis><attscale Sync="TRUE">0</attscale></attr><attr><attrlabl Sync="TRUE">ACCESSNOTE</attrlabl><attalias Sync="TRUE">ACCESSNOTE</attalias><attrtype Sync="TRUE">String</attrtype><attwidth Sync="TRUE">4</attwidth><atprecis Sync="TRUE">0</atprecis><attscale Sync="TRUE">0</attscale></attr><attr><attrlabl Sync="TRUE">ORIGINATOR</attrlabl><attalias Sync="TRUE">ORIGINATOR</attalias><attrtype Sync="TRUE">String</attrtype><attwidth Sync="TRUE">60</attwidth><atprecis Sync="TRUE">0</atprecis><attscale Sync="TRUE">0</attscale></attr><attr><attrlabl Sync="TRUE">UNITCODE</attrlabl><attalias Sync="TRUE">UNITCODE</attalias><attrtype Sync="TRUE">String</attrtype><attwidth Sync="TRUE">9</attwidth><atprecis Sync="TRUE">0</atprecis><attscale Sync="TRUE">0</attscale></attr><attr><attrlabl Sync="TRUE">UNITNAME</attrlabl><attalias Sync="TRUE">UNITNAME</attalias><attrtype Sync="TRUE">String</attrtype><attwidth Sync="TRUE">63</attwidth><atprecis Sync="TRUE">0</atprecis><attscale Sync="TRUE">0</attscale></attr><attr><attrlabl Sync="TRUE">UNITTYPE</attrlabl><attalias Sync="TRUE">UNITTYPE</attalias><attrtype Sync="TRUE">String</attrtype><attwidth Sync="TRUE">48</attwidth><atprecis Sync="TRUE">0</atprecis><attscale Sync="TRUE">0</attscale></attr><attr><attrlabl Sync="TRUE">GROUPCODE</attrlabl><attalias Sync="TRUE">GROUPCODE</attalias><attrtype Sync="TRUE">String</attrtype><attwidth Sync="TRUE">6</attwidth><atprecis Sync="TRUE">0</atprecis><attscale Sync="TRUE">0</attscale></attr><attr><attrlabl Sync="TRUE">GROUPNAME</attrlabl><attalias Sync="TRUE">GROUPNAME</attalias><attrtype Sync="TRUE">String</attrtype><attwidth Sync="TRUE">50</attwidth><atprecis Sync="TRUE">0</atprecis><attscale Sync="TRUE">0</attscale></attr><attr><attrlabl Sync="TRUE">REGIONCODE</attrlabl><attalias Sync="TRUE">REGIONCODE</attalias><attrtype Sync="TRUE">String</attrtype><attwidth Sync="TRUE">4</attwidth><atprecis Sync="TRUE">0</atprecis><attscale Sync="TRUE">0</attscale></attr><attr><attrlabl Sync="TRUE">CREATEDATE</attrlabl><attalias Sync="TRUE">CREATEDATE</attalias><attrtype Sync="TRUE">Date</attrtype><attwidth Sync="TRUE">8</attwidth><atprecis Sync="TRUE">0</atprecis><attscale Sync="TRUE">0</attscale></attr><attr><attrlabl Sync="TRUE">EDITDATE</attrlabl><attalias Sync="TRUE">EDITDATE</attalias><attrtype Sync="TRUE">Date</attrtype><attwidth Sync="TRUE">8</attwidth><atprecis Sync="TRUE">0</atprecis><attscale Sync="TRUE">0</attscale></attr><attr><attrlabl Sync="TRUE">LINETYPE</attrlabl><attalias Sync="TRUE">LINETYPE</attalias><attrtype Sync="TRUE">String</attrtype><attwidth Sync="TRUE">14</attwidth><atprecis Sync="TRUE">0</atprecis><attscale Sync="TRUE">0</attscale></attr><attr><attrlabl Sync="TRUE">MAPMETHOD</attrlabl><attalias Sync="TRUE">MAPMETHOD</attalias><attrtype Sync="TRUE">String</attrtype><attwidth Sync="TRUE">144</attwidth><atprecis Sync="TRUE">0</atprecis><attscale Sync="TRUE">0</attscale></attr><attr><attrlabl Sync="TRUE">MAPSOURCE</attrlabl><attalias Sync="TRUE">MAPSOURCE</attalias><attrtype Sync="TRUE">String</attrtype><attwidth Sync="TRUE">254</attwidth><atprecis Sync="TRUE">0</atprecis><attscale Sync="TRUE">0</attscale></attr><attr><attrlabl Sync="TRUE">SOURCEDATE</attrlabl><attalias Sync="TRUE">SOURCEDATE</attalias><attrtype Sync="TRUE">Date</attrtype><attwidth Sync="TRUE">8</attwidth><atprecis Sync="TRUE">0</atprecis><attscale Sync="TRUE">0</attscale></attr><attr><attrlabl Sync="TRUE">XYACCURACY</attrlabl><attalias Sync="TRUE">XYACCURACY</attalias><attrtype Sync="TRUE">String</attrtype><attwidth Sync="TRUE">15</attwidth><atprecis Sync="TRUE">0</atprecis><attscale Sync="TRUE">0</attscale></attr><attr><attrlabl Sync="TRUE">GEOMETRYID</attrlabl><attalias Sync="TRUE">GEOMETRYID</attalias><attrtype Sync="TRUE">String</attrtype><attwidth Sync="TRUE">38</attwidth><atprecis Sync="TRUE">0</atprecis><attscale Sync="TRUE">0</attscale></attr><attr><attrlabl Sync="TRUE">FEATUREID</attrlabl><attalias Sync="TRUE">FEATUREID</attalias><attrtype Sync="TRUE">String</attrtype><attwidth Sync="TRUE">38</attwidth><atprecis Sync="TRUE">0</atprecis><attscale Sync="TRUE">0</attscale></attr><attr><attrlabl Sync="TRUE">FACLOCID</attrlabl><attalias Sync="TRUE">FACLOCID</attalias><attrtype Sync="TRUE">String</attrtype><attwidth Sync="TRUE">10</attwidth><atprecis Sync="TRUE">0</atprecis><attscale Sync="TRUE">0</attscale></attr><attr><attrlabl Sync="TRUE">FACASSETID</attrlabl><attalias Sync="TRUE">FACASSETID</attalias><attrtype Sync="TRUE">String</attrtype><attwidth Sync="TRUE">7</attwidth><atprecis Sync="TRUE">0</atprecis><attscale Sync="TRUE">0</attscale></attr><attr><attrlabl Sync="TRUE">IMLOCID</attrlabl><attalias Sync="TRUE">IMLOCID</attalias><attrtype Sync="TRUE">String</attrtype><attwidth Sync="TRUE">13</attwidth><atprecis Sync="TRUE">0</atprecis><attscale Sync="TRUE">0</attscale></attr><attr><attrlabl Sync="TRUE">OBSERVABLE</attrlabl><attalias Sync="TRUE">OBSERVABLE</attalias><attrtype Sync="TRUE">String</attrtype><attwidth Sync="TRUE">7</attwidth><atprecis Sync="TRUE">0</atprecis><attscale Sync="TRUE">0</attscale></attr><attr><attrlabl Sync="TRUE">ISEXTANT</attrlabl><attalias Sync="TRUE">ISEXTANT</attalias><attrtype Sync="TRUE">String</attrtype><attwidth Sync="TRUE">7</attwidth><atprecis Sync="TRUE">0</atprecis><attscale Sync="TRUE">0</attscale></attr><attr><attrlabl Sync="TRUE">OPENTOPUBL</attrlabl><attalias Sync="TRUE">OPENTOPUBL</attalias><attrtype Sync="TRUE">String</attrtype><attwidth Sync="TRUE">7</attwidth><atprecis Sync="TRUE">0</atprecis><attscale Sync="TRUE">0</attscale></attr><attr><attrlabl Sync="TRUE">ALTLANGNAM</attrlabl><attalias Sync="TRUE">ALTLANGNAM</attalias><attrtype Sync="TRUE">String</attrtype><attwidth Sync="TRUE">4</attwidth><atprecis Sync="TRUE">0</atprecis><attscale Sync="TRUE">0</attscale></attr><attr><attrlabl Sync="TRUE">ALTLANG</attrlabl><attalias Sync="TRUE">ALTLANG</attalias><attrtype Sync="TRUE">String</attrtype><attwidth Sync="TRUE">4</attwidth><atprecis Sync="TRUE">0</atprecis><attscale Sync="TRUE">0</attscale></attr><attr><attrlabl Sync="TRUE">SEASONAL</attrlabl><attalias Sync="TRUE">SEASONAL</attalias><attrtype Sync="TRUE">String</attrtype><attwidth Sync="TRUE">7</attwidth><atprecis Sync="TRUE">0</atprecis><attscale Sync="TRUE">0</attscale></attr><attr><attrlabl Sync="TRUE">SEASDESC</attrlabl><attalias Sync="TRUE">SEASDESC</attalias><attrtype Sync="TRUE">String</attrtype><attwidth Sync="TRUE">105</attwidth><atprecis Sync="TRUE">0</atprecis><attscale Sync="TRUE">0</attscale></attr><attr><attrlabl Sync="TRUE">MAINTAINER</attrlabl><attalias Sync="TRUE">MAINTAINER</attalias><attrtype Sync="TRUE">String</attrtype><attwidth Sync="TRUE">38</attwidth><atprecis Sync="TRUE">0</atprecis><attscale Sync="TRUE">0</attscale></attr><attr><attrlabl Sync="TRUE">NOTES</attrlabl><attalias Sync="TRUE">NOTES</attalias><attrtype Sync="TRUE">String</attrtype><attwidth Sync="TRUE">254</attwidth><atprecis Sync="TRUE">0</atprecis><attscale Sync="TRUE">0</attscale></attr><attr><attrlabl Sync="TRUE">StagingTab</attrlabl><attalias Sync="TRUE">StagingTab</attalias><attrtype Sync="TRUE">String</attrtype><attwidth Sync="TRUE">40</attwidth><atprecis Sync="TRUE">0</atprecis><attscale Sync="TRUE">0</attscale></attr><attr><attrlabl Sync="TRUE">Shape_Leng</attrlabl><attalias Sync="TRUE">Shape_Leng</attalias><attrtype Sync="TRUE">Double</attrtype><attwidth Sync="TRUE">19</attwidth><atprecis Sync="TRUE">0</atprecis><attscale Sync="TRUE">0</attscale></attr><attr><attrlabl Sync="TRUE">Shape_Area</attrlabl><attalias Sync="TRUE">Shape_Area</attalias><attrtype Sync="TRUE">Double</attrtype><attwidth Sync="TRUE">19</attwidth><atprecis Sync="TRUE">0</atprecis><attscale Sync="TRUE">0</attscale><attrdef Sync="TRUE">Area of feature in internal units squared.</attrdef><attrdefs Sync="TRUE">Esri</attrdefs><attrdomv><udom Sync="TRUE">Positive real numbers that are automatically generated.</udom></attrdomv></attr></detailed></eainfo><mdDateSt Sync="TRUE">20220418</mdDateSt></metadata>
